timestamp_utc,admin_user,export_type,row_count,file_name
2025-11-14T07:20:26.231946,admin,passes,15,passes_export_20251114_072026.csv
2025-11-14T07:20:40.720134,admin,users_masked_aadhaar,15,users_export_20251114_072040.csv
2025-11-14T07:20:57.762007,admin,users_masked_aadhaar,15,users_export_20251114_072057.csv
2025-11-14T07:21:19.271130,admin,passes,15,passes_export_20251114_072119.csv
2025-11-14T07:21:40.489381,admin,passes,15,passes_export_20251114_072140.csv
2025-11-14T08:13:41.583861,admin,users_masked_aadhaar,15,users_export_20251114_081341.csv
2025-11-14T08:13:57.156788,admin,passes,15,passes_export_20251114_081357.csv
2025-11-14T10:55:40.155101,admin,users_masked_aadhaar,15,users_export_20251114_105540.csv
2025-11-14T10:55:43.657764,admin,passes,15,passes_export_20251114_105543.csv
2025-11-14T11:38:02.752672,admin,users_masked_aadhaar,15,users_export_20251114_113802.csv
2025-11-14T11:38:09.455151,admin,passes,15,passes_export_20251114_113809.csv
2025-11-16T12:00:15.804374,admin,users_masked_aadhaar,16,users_export_20251116_120015.csv
2025-11-16T12:00:28.022426,admin,users_masked_aadhaar,16,users_export_20251116_120028.csv
2025-11-16T12:00:51.146029,admin,passes,16,passes_export_20251116_120051.csv
2025-11-16T12:01:44.131257,admin,users_masked_aadhaar,16,users_export_20251116_120144.csv
2025-11-16T12:56:24.606471,admin,passes,16,passes_export_20251116_125624.csv
2025-11-16T12:57:06.746487,admin,passes,1,passes_export_20251116_125706.csv
2025-11-16T12:57:16.728788,admin,passes,1,passes_export_20251116_125716.csv
2025-11-16T12:57:46.677609,admin,users_masked_aadhaar,16,users_export_20251116_125746.csv
2025-11-16T12:57:52.853493,admin,passes,16,passes_export_20251116_125752.csv
2025-11-16T12:58:08.883774,admin,passes,16,passes_export_20251116_125808.csv
2025-11-16T12:58:14.982237,admin,passes,16,passes_export_20251116_125814.csv
2025-11-16T12:58:28.516209,admin,passes,16,passes_export_20251116_125828.csv
2025-11-16T12:58:31.050977,admin,passes,16,passes_export_20251116_125831.csv
2025-11-16T12:59:09.966939,admin,users_masked_aadhaar,16,users_export_20251116_125909.csv
2025-11-17T05:36:53.522692,admin,users_masked_aadhaar,16,users_export_20251117_053653.csv
2025-11-17T05:37:32.247897,admin,users_masked_aadhaar,16,users_export_20251117_053732.csv
2025-11-17T05:37:47.974704,admin,users_masked_aadhaar,1,users_export_20251117_053747.csv
2025-11-17T08:10:13.945389,admin,users_masked_aadhaar,16,users_export_20251117_081013.csv
2025-11-17T08:10:22.476468,admin,users_masked_aadhaar,1,users_export_20251117_081022.csv
2025-11-17T08:10:27.149814,admin,passes,16,passes_export_20251117_081027.csv
2025-11-17T08:10:37.117459,admin,passes,1,passes_export_20251117_081037.csv
2025-11-17T08:43:53.513780,admin,users_masked_aadhaar,16,users_export_20251117_084353.csv
2025-11-17T08:44:01.748066,admin,users_masked_aadhaar,1,users_export_20251117_084401.csv
2025-11-17T08:44:16.414255,admin,passes,16,passes_export_20251117_084416.csv
2025-11-17T08:44:25.452843,admin,passes,1,passes_export_20251117_084425.csv
2025-11-17T09:13:36.182950,admin,users_masked_aadhaar,7,users_export_20251117_091336.csv
2025-11-17T09:13:53.316290,admin,users_masked_aadhaar,2,users_export_20251117_091353.csv
2025-11-17T09:13:56.425248,admin,passes,7,passes_export_20251117_091356.csv
2025-11-17T09:15:32.854271,admin,users_masked_aadhaar,7,users_export_20251117_091532.csv
2025-11-17T09:15:34.990233,admin,users_masked_aadhaar,7,users_export_20251117_091534.csv
2025-11-17T09:16:27.415792,admin,users_masked_aadhaar,7,users_export_20251117_091627.csv
2025-11-17T09:19:32.985909,admin,users_masked_aadhaar,8,users_export_20251117_091932.csv
2025-11-17T09:21:05.694339,admin,passes,8,passes_export_20251117_092105.csv
2025-11-17T09:57:56.074050,admin,users_masked_aadhaar,8,users_export_20251117_095756.csv
2025-11-17T10:07:55.808375,admin,passes,8,passes_export_20251117_100755.csv
2025-11-17T10:08:55.024568,admin,users_masked_aadhaar,8,users_export_20251117_100855.csv
2025-11-17T10:08:56.725935,admin,passes,8,passes_export_20251117_100856.csv
2025-11-17T10:09:03.500480,admin,users_masked_aadhaar,8,users_export_20251117_100903.csv
2025-11-19T05:16:25.903875,admin,users_masked_aadhaar,8,users_export_20251119_051625.csv
2025-11-19T05:16:40.339790,admin,passes,8,passes_export_20251119_051640.csv
2025-11-19T09:10:38.038826,admin,users_masked_aadhaar,8,users_export_20251119_091038.csv
2025-11-19T09:10:39.459078,admin,passes,8,passes_export_20251119_091039.csv
2025-11-19T09:23:47.188925,admin,users_masked_aadhaar,8,users_export_20251119_092347.csv
2025-11-20T04:55:09.693953,admin,users_masked_aadhaar,10,users_export_20251120_045509.csv
2025-11-20T04:55:15.612335,admin,passes,10,passes_export_20251120_045515.csv
2025-11-20T04:55:49.118097,admin,passes,10,passes_export_20251120_045549.csv
2025-11-21T05:00:23.540330,admin,users_masked_aadhaar,11,users_export_20251121_050023.csv
2025-11-21T05:00:30.847914,admin,passes,11,passes_export_20251121_050030.csv
2025-11-21T05:00:43.575409,admin,passes,1,passes_export_20251121_050043.csv
2025-11-21T05:00:52.978630,admin,passes,11,passes_export_20251121_050052.csv
2025-11-21T09:38:02.522938,admin,users_masked_aadhaar,13,users_export_20251121_093802.csv
2025-11-21T09:39:09.591452,admin,passes,13,passes_export_20251121_093909.csv
2025-11-21T09:48:28.466307,admin,passes,13,passes_export_20251121_094828.csv
2025-11-24T04:57:45.442587,admin,users_masked_aadhaar,13,users_export_20251124_045745.csv
2025-11-24T04:58:29.315037,admin,passes,13,passes_export_20251124_045829.csv
2025-11-24T05:40:19.193778,admin,users_masked_aadhaar,13,users_export_20251124_054019.csv
2025-11-24T05:40:24.395042,admin,users_masked_aadhaar,13,users_export_20251124_054024.csv
2025-11-24T05:41:27.950245,admin,passes,13,passes_export_20251124_054127.csv
2025-11-24T05:41:30.370390,admin,passes,13,passes_export_20251124_054130.csv
2025-11-24T08:11:26.168373,admin,users_masked_aadhaar,14,users_export_20251124_081126.csv
2025-11-24T08:11:31.027318,admin,users_masked_aadhaar,14,users_export_20251124_081131.csv
2025-11-24T08:11:59.098343,admin,passes,14,passes_export_20251124_081159.csv
2025-11-24T08:12:33.756382,admin,users_masked_aadhaar,14,users_export_20251124_081233.csv
2025-11-24T08:13:11.212381,admin,users_masked_aadhaar,14,users_export_20251124_081311.csv
2025-11-26T07:17:46.408354,admin,users_masked_aadhaar,15,users_export_20251126_071746.csv
2025-11-27T05:40:12.560506,admin,users_masked_aadhaar_encrypted,15,users_export_20251127_054011.csv.enc
2025-11-27T05:43:23.400125,admin,users_masked_aadhaar_encrypted,15,users_export_20251127_054323.csv.enc
2025-11-27T05:46:46.730631,admin,users_masked_aadhaar_encrypted,15,users_export_20251127_054646.csv.enc
2025-11-27T06:18:05.074939,admin,users_masked_aadhaar_encrypted,15,users_export_20251127_061805.csv.enc
2025-11-27T06:18:11.576676,admin,users_masked_aadhaar_encrypted,15,users_export_20251127_061811.csv.enc
2025-11-27T06:20:54.897745,admin,users_masked_aadhaar_encrypted,15,users_export_20251127_062054.csv.enc
2025-11-27T06:23:58.273279,admin,users_masked_aadhaar_encrypted,15,users_export_20251127_062358.csv.enc
2025-11-27T06:28:56.072191,admin,users_masked_aadhaar_encrypted,15,users_export_20251127_062856.csv.enc
2025-11-27T06:30:04.930919,admin,users_masked_aadhaar_encrypted,15,users_export_20251127_063004.csv.enc
2025-11-27T06:30:15.609936,admin,users_masked_aadhaar_encrypted,15,users_export_20251127_063015.csv.enc
2025-11-27T06:30:46.250483,admin,users_masked_aadhaar,15,users_export_20251127_063046.csv
2025-11-27T06:32:49.335626,admin,users_masked_aadhaar_encrypted,15,users_export_20251127_063249.csv.enc
2025-11-27T06:33:35.077106,admin,users_masked_aadhaar_encrypted,15,users_export_20251127_063335.csv.enc
2025-11-27T06:46:22.628722,admin,users_masked_aadhaar_encrypted,15,users_export_20251127_064622.csv.enc
2025-11-27T06:46:45.306998,admin,users_masked_aadhaar_encrypted,15,users_export_20251127_064645.csv.enc
2025-11-27T06:49:13.374531,admin,users_masked_aadhaar_encrypted,15,users_export_20251127_064913.csv.enc
2025-11-27T06:56:48.280062,admin,users_masked_aadhaar_encrypted,15,users_export_20251127_065648.csv.enc
2025-11-27T06:56:51.275876,admin,users_masked_aadhaar_encrypted,15,users_export_20251127_065651.csv.enc
2025-11-27T06:58:28.483905,admin,users_masked_aadhaar_encrypted,15,users_export_20251127_065828.csv.enc
2025-11-27T06:59:13.935299,admin,users_masked_aadhaar_encrypted,1,users_export_20251127_065913.csv.enc
2025-11-27T06:59:20.937777,admin,users_masked_aadhaar_encrypted,15,users_export_20251127_065920.csv.enc
2025-11-27T07:06:49.924570,admin,users_masked_aadhaar_encrypted,15,users_export_20251127_070649.csv.enc
2025-11-27T07:06:57.285030,admin,users_masked_aadhaar_encrypted,15,users_export_20251127_070657.csv.enc
2025-11-27T07:08:58.526632,admin,passes,15,passes_export_20251127_070858.csv
2025-11-27T07:15:17.099846,admin,passes_encrypted,15,passes_export_20251127_071517.csv.enc
2025-11-27T07:17:03.546550,admin,users_masked_aadhaar_encrypted,15,users_export_20251127_071703.csv.enc
2025-11-27T07:17:09.905563,admin,passes_encrypted,15,passes_export_20251127_071709.csv.enc
2025-11-27T07:17:27.940821,admin,users_masked_aadhaar_encrypted,15,users_export_20251127_071727.csv.enc
2025-11-27T07:17:49.562581,admin,passes_encrypted,15,passes_export_20251127_071749.csv.enc
2025-11-27T07:17:51.194606,admin,passes_encrypted,15,passes_export_20251127_071751.csv.enc
2025-11-27T07:59:26.250066,admin,users_masked_aadhaar_encrypted,15,users_export_20251127_075926.csv.enc
2025-11-27T07:59:29.445780,admin,passes_encrypted,15,passes_export_20251127_075929.csv.enc
2025-11-27T08:00:04.014363,admin,passes_encrypted,15,passes_export_20251127_080004.csv.enc
2025-11-27T08:00:12.529057,admin,passes_encrypted,15,passes_export_20251127_080012.csv.enc
2025-11-27T08:05:31.469504,admin,users_masked_aadhaar_encrypted,15,users_export_20251127_080531.csv.enc
2025-11-27T08:05:34.441125,admin,passes_encrypted,15,passes_export_20251127_080534.csv.enc
2025-11-27T08:11:28.802230,admin,users_masked_aadhaar_encrypted,15,users_export_20251127_081128.csv.enc
2025-11-27T08:11:31.442442,admin,users_masked_aadhaar_encrypted,15,users_export_20251127_081131.csv.enc
2025-11-27T08:17:11.136640,admin,passes_encrypted,15,passes_export_20251127_081711.csv.enc
2025-11-27T08:17:13.896240,admin,users_masked_aadhaar_encrypted,15,users_export_20251127_081713.csv.enc
2025-11-27T08:17:15.245916,admin,passes_encrypted,15,passes_export_20251127_081715.csv.enc
2025-11-27T08:34:19.878871,admin,users_masked_aadhaar_encrypted,15,users_export_20251127_083419.csv.enc
2025-11-27T08:38:43.502028,admin,passes_encrypted,15,passes_export_20251127_083843.csv.enc
2025-11-28T05:12:06.568501,admin,users_masked_aadhaar_encrypted,16,users_export_20251128_051206.csv.enc
2025-11-28T05:13:06.909346,admin,users_masked_aadhaar_encrypted,16,users_export_20251128_051306.csv.enc
2025-11-28T05:15:19.316033,admin,users_masked_aadhaar_encrypted,16,users_export_20251128_051519.csv.enc
2025-11-28T05:23:18.154701,admin,users_masked_aadhaar_encrypted,16,users_export_20251128_052318.csv.enc
2025-11-28T05:23:28.044805,admin,users_masked_aadhaar_encrypted,16,users_export_20251128_052328.csv.enc
2025-11-28T05:25:41.754369,admin,passes_encrypted,16,passes_export_20251128_052541.csv.enc
2025-11-28T05:25:57.693601,admin,passes_encrypted,16,passes_export_20251128_052557.csv.enc
2025-11-28T05:29:56.411042,admin,passes_encrypted,16,passes_export_20251128_052956.csv.enc
2025-11-28T05:30:00.346330,admin,passes_encrypted,16,passes_export_20251128_053000.csv.enc
